Priority,Clinic Name,Istanbul Area,Segment,Public Website,Public Digital Channel,Observable Fit Signal,ICP Score,Recommended OMNIX Angle,Verification Status
1,DentSpa,Bağcılar,Dental tourism / cosmetic dentistry,https://dentspa.com.tr/,Website consultation / WhatsApp / Instagram,"International-patient, multilingual, high-consideration treatment funnel",5,"Qualify by treatment, language, budget band and travel timing; automate coordinator follow-up",Verify contact and authorization before outreach
2,Lema Dental Clinic,Bahçelievler,Dental tourism / implants / cosmetic dentistry,https://lemaclinic.com/,Website consultation / WhatsApp / Instagram,"International cosmetic-dentistry brand with digital lead acquisition",5,"Unify Instagram and WhatsApp history; multilingual objection handling and booking",Verify contact and authorization before outreach
3,Clinic Prime Istanbul,Kartal,Dental tourism / implants,https://clinicprimeistanbul.com/,Website consultation / third-party profile,"Modern clinic and strong public engagement; international consultation workflow",5,"Lead scoring, quote follow-up and coordinator assignment",Website/domain and contact need final check
4,Esnan Dental Clinics,Sarıyer and Istanbul branches,Dental group / digital dentistry,https://www.esnandentalclinics.com/,Website / WhatsApp / multilingual content,"Group footprint, international patients and digital treatment workflow",5,"Route leads by branch/specialty/language and create shared CRM timeline",Verify branch list and contact
5,Vanity Cosmetic Surgery,Üsküdar,Plastic surgery / aesthetics,https://www.vanityclinic.com/,WhatsApp / website consultation / Instagram,"Own facility, international patients and explicit WhatsApp doctor inquiry",5,"Procedure qualification, human clinical escalation and travel-stage follow-up",Public contact confirmed; verify decision maker
6,Natural Clinic,Bakırköy,Multi-specialty aesthetics / dental / hair,https://natural.clinic/,Website / WhatsApp / social,"Broad international service mix and likely high inbound lead volume",5,"Intent classification across service lines and multilingual coordinator routing",Verify current contact and authorization
7,Vera Clinic,Ataşehir,Hair transplant / dental / aesthetics,https://www.veraclinic.net/,Website consultation / WhatsApp / Instagram,"International medical-tourism funnel and strong social acquisition",5,"Photo-request workflow with consent, qualification and scheduled follow-ups",Verify current Istanbul address/contact
8,Maltepe Dental Clinic,Maltepe,Dental tourism / implants,https://www.maltepedentalclinic.com/,Website / WhatsApp / international referrals,"Istanbul headquarters and international-patient focus",5,"Travel-ready lead scoring and treatment-plan follow-up",Verify contact and authorization
9,Clinic Expert,Istanbul (verify branch),Hair transplant / aesthetics / dental,https://www.clinicexpert.com/,Website / WhatsApp / social,"Large multi-service health-tourism acquisition operation",5,"Omnichannel attribution, service-line routing and sales QA",Verify exact Istanbul operating entity
10,Hair of Istanbul,Şişli (verify),Hair restoration,https://www.hairofistanbul.com/,Website / Instagram / WhatsApp,"International brand built around visual/social proof and remote consultation",5,"Instagram-to-WhatsApp continuity and structured consultation qualification",Verify address/contact
11,İstanbul Diş Akademisi,Maltepe,Dental / implants / cosmetic dentistry,https://istanbuldisakademisi.com/,Website / third-party inquiry,"Strong public review signal and responsive consultation journey",4,"Automated intake, treatment-interest tagging and consultation booking",Website/contact need final validation
12,Novusklinik,Kadıköy,Dental / oral surgery / implants,https://novusklinik.com/,Website / WhatsApp / third-party inquiry,"Premium Kadıköy positioning and strong public engagement",4,"Qualify implant cases and route complex questions to clinicians",Verify contact and authorization
13,Dentavrasya,Suadiye Kadıköy,Dental / implant dentistry,https://dentavrasya.com/,Website / WhatsApp / Instagram,"Premium location, international enquiry and implant focus",4,"Multilingual first response and quote/consultation follow-up",Verify contact
14,Dentaray Clinic,Gayrettepe Beşiktaş,Dental tourism / full-mouth rehabilitation,https://dentarayclinic.com/,Website / WhatsApp / third-party inquiry,"International full-mouth and implant journey with multi-visit follow-up",4,"Stage-based nurturing from assessment through second visit",Website/contact need final validation
15,Uzmanlar Dental Clinic,Beşiktaş,Dental / implants / orthodontics,https://www.uzmanlardis.com/,WhatsApp / website / multilingual support,"Fast WhatsApp communication and translator-supported international journey",4,"Language routing, response SLA and coordinator knowledge base",Verify current contact
16,İstanbul Dental Center,Şişli (verify),Dental tourism / cosmetic dentistry,https://istanbuldentalcenter.com/,Website / WhatsApp,"International-patient positioning and remote enquiry flow",4,"Qualification and consultation conversion automation",Verify address/contact and entity
17,Turkeyana Clinic,Bakırköy (verify),Hair / plastic surgery / dental,https://turkeyanaclinic.com/,Website / WhatsApp / social,"Large multi-specialty international marketing funnel",5,"Cross-channel deduplication and routing by procedure/language",Verify exact branch and contact
18,EsteNove,Şişli (verify),Hair transplant / aesthetics,https://www.estenove.com/,Website / WhatsApp / Instagram,"International hair-restoration acquisition and remote assessment",4,"Consent-aware photo intake and automated follow-up",Verify current address/contact
19,Este Medical Group,Levent / Istanbul (verify),Hair / medical aesthetics,https://estemedicalgroup.com/,Website / WhatsApp / social,"International brand and consultation-led conversion",4,"Lead source attribution and coordinator pipeline",Verify local entity/contact
20,Este Medica,Balmumcu Beşiktaş,Hair / plastic surgery / aesthetics,https://www.estemedica.com.tr/en,WhatsApp / phone / email,"Publicly promises rapid preliminary assessment via WhatsApp",4,"First-response automation and structured assessment-to-booking workflow",Public channel confirmed; verify authorization
21,Acıbadem Hair Transplant Center,Kartal,Hair restoration,https://www.acibademhairtransplant.com/,24/7 WhatsApp / online analysis,"Photo-based analysis, patients from multiple countries and rapid WhatsApp report",5,"Consent capture, secure intake and follow-up orchestration",Verify relationship to healthcare group and license
22,Global Turkey Clinic,Gayrettepe Beşiktaş,Hair / clinical aesthetics,https://www.globalturkeyclinic.com/,WhatsApp / website,"Public WhatsApp channel and Istanbul health-tourism positioning",4,"Multilingual qualification and coordinator handoff",Public address/channel visible; verify authorization
23,Rana Clinic,Istanbul (verify district),Hair / plastic surgery / bariatric / dental,https://www.ranaclinic.com/,WhatsApp / website,"Multi-service international enquiry and fast WhatsApp response claim",4,"Service classification, lead scoring and scheduled follow-up",Verify address/entity/contact
24,Dr. Cinik,Beşiktaş (verify),Hair transplant / dentistry,https://emrahcinik.com/,Website / WhatsApp / Instagram,"International personal brand and high social/message-driven demand",5,"High-volume social lead triage and multilingual qualification",Verify current clinic entity/contact
25,Quartz Clinique,Nişantaşı Şişli,Plastic surgery / medical aesthetics / hair,https://www.quartzclinique.com/,Website / WhatsApp / Instagram,"Premium Nişantaşı positioning and broad aesthetic procedure portfolio",4,"Procedure-intent routing, booking and safe escalation",Verify contact and health-tourism authorization
